{"cameraMode":{"drawMode":0,"name":"Shaded","section":"Shading Mode"},"sceneLighting":true,"audioPlay":false,"sceneViewState":{"m_AlwaysRefresh":false,"showFog":true,"showSkybox":true,"showFlares":true,"showImageEffects":true,"showParticleSystems":true,"showVisualEffectGraphs":true,"m_FxEnabled":true},"in2DMode":false,"pivot":{"x":-89.53103637695313,"y":335.95587158203127,"z":1124.817626953125},"rotation":{"x":0.11365894228219986,"y":0.08334890007972717,"z":-0.009569616056978703,"w":0.9899718165397644},"size":1251.900146484375,"orthographic":false}